H,I,S,D,M,date,country
320,79,0,0,0,2021-04-01,Afghanistan
73,30,0,0,0,2021-04-01,Sweden
919,325,0,0,0,2021-04-01,Japan
249,150,0,0,0,2021-04-02,Afghanistan
52,51,0,0,0,2021-04-02,Sweden
674,570,0,0,0,2021-04-02,Japan
200,199,0,0,0,2021-04-03,Afghanistan
41,62,0,0,0,2021-04-03,Sweden
507,737,0,0,0,2021-04-03,Japan
166,233,0,0,0,2021-04-04,Afghanistan
27,76,0,0,0,2021-04-04,Sweden
382,862,0,0,0,2021-04-04,Japan
135,185,46,0,33,2021-04-05,Afghanistan
21,52,13,0,17,2021-04-05,Sweden
297,622,156,0,169,2021-04-05,Japan
115,134,74,0,76,2021-04-06,Afghanistan
18,34,21,0,30,2021-04-06,Sweden
230,444,288,0,282,2021-04-06,Japan
94,106,98,0,101,2021-04-07,Afghanistan
14,27,23,0,39,2021-04-07,Sweden
176,331,371,0,366,2021-04-07,Japan
78,88,113,0,120,2021-04-08,Afghanistan
13,14,30,0,46,2021-04-08,Sweden
147,235,422,0,440,2021-04-08,Japan
66,69,130,0,134,2021-04-09,Afghanistan
9,12,33,0,49,2021-04-09,Sweden
118,179,464,0,483,2021-04-09,Japan
60,55,139,0,145,2021-04-10,Afghanistan
7,11,36,0,49,2021-04-10,Sweden
90,140,496,0,518,2021-04-10,Japan
55,39,152,0,153,2021-04-11,Afghanistan
6,8,37,0,52,2021-04-11,Sweden
75,101,517,0,551,2021-04-11,Japan
50,28,158,0,163,2021-04-12,Afghanistan
5,8,38,0,52,2021-04-12,Sweden
63,84,528,0,569,2021-04-12,Japan
44,22,164,0,169,2021-04-13,Afghanistan
5,4,40,0,54,2021-04-13,Sweden
56,62,542,0,584,2021-04-13,Japan
41,19,165,0,174,2021-04-14,Afghanistan
4,3,41,0,55,2021-04-14,Sweden
47,43,555,0,599,2021-04-14,Japan
37,18,167,0,177,2021-04-15,Afghanistan
4,2,41,0,56,2021-04-15,Sweden
41,34,565,0,604,2021-04-15,Japan
33,17,170,0,179,2021-04-16,Afghanistan
4,1,42,0,56,2021-04-16,Sweden
36,27,574,0,607,2021-04-16,Japan
27,17,174,0,181,2021-04-17,Afghanistan
4,1,42,0,56,2021-04-17,Sweden
34,22,578,0,610,2021-04-17,Japan
26,15,177,0,181,2021-04-18,Afghanistan
4,0,43,0,56,2021-04-18,Sweden
30,17,583,0,614,2021-04-18,Japan
22,15,133,8,221,2021-04-19,Afghanistan
3,1,30,3,66,2021-04-19,Sweden
27,14,429,38,736,2021-04-19,Japan
21,12,107,12,247,2021-04-20,Afghanistan
3,1,22,5,72,2021-04-20,Sweden
24,12,301,70,837,2021-04-20,Japan
18,9,85,13,274,2021-04-21,Afghanistan
3,1,20,6,73,2021-04-21,Sweden
23,11,219,100,891,2021-04-21,Japan
18,8,71,17,285,2021-04-22,Afghanistan
3,1,13,6,80,2021-04-22,Sweden
20,10,168,113,933,2021-04-22,Japan
16,6,57,22,298,2021-04-23,Afghanistan
3,0,10,6,84,2021-04-23,Sweden
18,9,127,121,969,2021-04-23,Japan
12,9,49,24,305,2021-04-24,Afghanistan
3,0,7,7,86,2021-04-24,Sweden
16,8,98,131,991,2021-04-24,Japan
9,9,36,26,319,2021-04-25,Afghanistan
3,0,6,7,87,2021-04-25,Sweden
14,9,77,135,1009,2021-04-25,Japan
9,9,30,26,325,2021-04-26,Afghanistan
2,1,5,7,88,2021-04-26,Sweden
12,8,69,137,1018,2021-04-26,Japan
9,7,26,27,330,2021-04-27,Afghanistan
1,2,3,7,90,2021-04-27,Sweden
12,6,56,140,1030,2021-04-27,Japan
8,4,29,27,331,2021-04-28,Afghanistan
1,2,2,7,91,2021-04-28,Sweden
11,5,44,142,1042,2021-04-28,Japan
7,2,29,27,334,2021-04-29,Afghanistan
1,2,2,7,91,2021-04-29,Sweden
9,5,36,143,1051,2021-04-29,Japan
7,2,26,27,337,2021-04-30,Afghanistan
0,2,2,7,92,2021-04-30,Sweden
9,3,28,143,1061,2021-04-30,Japan
7,2,22,27,341,2021-05-01,Afghanistan
0,1,2,7,93,2021-05-01,Sweden
9,3,24,144,1064,2021-05-01,Japan
5,3,20,27,344,2021-05-02,Afghanistan
0,1,1,7,94,2021-05-02,Sweden
9,2,20,145,1068,2021-05-02,Japan
4,3,18,27,347,2021-05-03,Afghanistan
0,1,1,7,94,2021-05-03,Sweden
8,1,19,145,1071,2021-05-03,Japan
4,3,16,27,349,2021-05-04,Afghanistan
0,0,2,7,94,2021-05-04,Sweden
8,1,15,145,1075,2021-05-04,Japan
4,3,14,27,351,2021-05-05,Afghanistan
0,0,2,7,94,2021-05-05,Sweden
8,1,14,145,1076,2021-05-05,Japan
3,2,13,27,354,2021-05-06,Afghanistan
0,0,2,7,94,2021-05-06,Sweden
8,1,14,145,1076,2021-05-06,Japan
2,2,10,27,358,2021-05-07,Afghanistan
0,0,2,7,94,2021-05-07,Sweden
8,0,13,146,1077,2021-05-07,Japan
2,2,9,27,359,2021-05-08,Afghanistan
0,0,2,7,94,2021-05-08,Sweden
7,1,10,146,1080,2021-05-08,Japan
2,2,9,27,359,2021-05-09,Afghanistan
0,0,2,7,94,2021-05-09,Sweden
6,2,10,146,1080,2021-05-09,Japan
1,2,9,27,360,2021-05-10,Afghanistan
0,0,2,7,94,2021-05-10,Sweden
6,2,7,146,1083,2021-05-10,Japan
1,1,7,27,363,2021-05-11,Afghanistan
0,0,2,7,94,2021-05-11,Sweden
6,2,6,146,1084,2021-05-11,Japan
1,1,3,27,367,2021-05-12,Afghanistan
0,0,2,7,94,2021-05-12,Sweden
6,1,5,146,1086,2021-05-12,Japan
1,1,1,27,369,2021-05-13,Afghanistan
0,0,2,7,94,2021-05-13,Sweden
6,0,4,146,1088,2021-05-13,Japan
1,0,1,27,370,2021-05-14,Afghanistan
0,0,1,7,95,2021-05-14,Sweden
6,0,3,146,1089,2021-05-14,Japan
1,0,1,27,370,2021-05-15,Afghanistan
0,0,1,7,95,2021-05-15,Sweden
5,1,3,146,1089,2021-05-15,Japan
1,0,0,27,371,2021-05-16,Afghanistan
0,0,1,7,95,2021-05-16,Sweden
3,3,2,146,1090,2021-05-16,Japan
1,0,0,27,371,2021-05-17,Afghanistan
0,0,1,7,95,2021-05-17,Sweden
2,4,1,146,1091,2021-05-17,Japan
1,0,0,27,371,2021-05-18,Afghanistan
0,0,0,7,96,2021-05-18,Sweden
2,4,1,146,1091,2021-05-18,Japan
1,0,0,27,371,2021-05-19,Afghanistan
0,0,0,7,96,2021-05-19,Sweden
2,3,1,146,1092,2021-05-19,Japan
1,0,0,27,371,2021-05-20,Afghanistan
0,0,0,7,96,2021-05-20,Sweden
1,2,1,146,1094,2021-05-20,Japan
1,0,0,27,371,2021-05-21,Afghanistan
0,0,0,7,96,2021-05-21,Sweden
1,1,2,146,1094,2021-05-21,Japan
1,0,0,27,371,2021-05-22,Afghanistan
0,0,0,7,96,2021-05-22,Sweden
1,1,2,146,1094,2021-05-22,Japan
1,0,0,27,371,2021-05-23,Afghanistan
0,0,0,7,96,2021-05-23,Sweden
1,1,2,146,1094,2021-05-23,Japan
1,0,0,27,371,2021-05-24,Afghanistan
0,0,0,7,96,2021-05-24,Sweden
1,0,2,146,1095,2021-05-24,Japan
1,0,0,27,371,2021-05-25,Afghanistan
0,0,0,7,96,2021-05-25,Sweden
1,0,2,146,1095,2021-05-25,Japan
0,1,0,27,371,2021-05-26,Afghanistan
0,0,0,7,96,2021-05-26,Sweden
1,0,2,146,1095,2021-05-26,Japan
0,1,0,27,371,2021-05-27,Afghanistan
0,0,0,7,96,2021-05-27,Sweden
1,0,1,146,1096,2021-05-27,Japan
0,1,0,27,371,2021-05-28,Afghanistan
0,0,0,7,96,2021-05-28,Sweden
1,0,1,146,1096,2021-05-28,Japan
0,1,0,27,371,2021-05-29,Afghanistan
0,0,0,7,96,2021-05-29,Sweden
1,0,1,146,1096,2021-05-29,Japan
0,0,1,27,371,2021-05-30,Afghanistan
0,0,0,7,96,2021-05-30,Sweden
1,0,1,146,1096,2021-05-30,Japan
0,0,1,27,371,2021-05-31,Afghanistan
0,0,0,7,96,2021-05-31,Sweden
1,0,1,146,1096,2021-05-31,Japan
0,0,1,27,371,2021-06-01,Afghanistan
0,0,0,7,96,2021-06-01,Sweden
1,0,1,146,1096,2021-06-01,Japan
0,0,1,27,371,2021-06-02,Afghanistan
0,0,0,7,96,2021-06-02,Sweden
1,0,1,146,1096,2021-06-02,Japan
0,0,1,27,371,2021-06-03,Afghanistan
0,0,0,7,96,2021-06-03,Sweden
1,0,1,146,1096,2021-06-03,Japan
0,0,1,27,371,2021-06-04,Afghanistan
0,0,0,7,96,2021-06-04,Sweden
1,0,0,146,1097,2021-06-04,Japan
0,0,1,27,371,2021-06-05,Afghanistan
0,0,0,7,96,2021-06-05,Sweden
1,0,0,146,1097,2021-06-05,Japan
0,0,1,27,371,2021-06-06,Afghanistan
0,0,0,7,96,2021-06-06,Sweden
1,0,0,146,1097,2021-06-06,Japan
0,0,1,27,371,2021-06-07,Afghanistan
0,0,0,7,96,2021-06-07,Sweden
1,0,0,146,1097,2021-06-07,Japan
0,0,1,27,371,2021-06-08,Afghanistan
0,0,0,7,96,2021-06-08,Sweden
1,0,0,146,1097,2021-06-08,Japan
0,0,1,27,371,2021-06-09,Afghanistan
0,0,0,7,96,2021-06-09,Sweden
1,0,0,146,1097,2021-06-09,Japan
0,0,1,27,371,2021-06-10,Afghanistan
0,0,0,7,96,2021-06-10,Sweden
1,0,0,146,1097,2021-06-10,Japan
0,0,1,27,371,2021-06-11,Afghanistan
0,0,0,7,96,2021-06-11,Sweden
1,0,0,146,1097,2021-06-11,Japan
0,0,1,27,371,2021-06-12,Afghanistan
0,0,0,7,96,2021-06-12,Sweden
1,0,0,146,1097,2021-06-12,Japan
0,0,0,27,372,2021-06-13,Afghanistan
0,0,0,7,96,2021-06-13,Sweden
1,0,0,146,1097,2021-06-13,Japan
0,0,0,27,372,2021-06-14,Afghanistan
0,0,0,7,96,2021-06-14,Sweden
1,0,0,146,1097,2021-06-14,Japan
0,0,0,27,372,2021-06-15,Afghanistan
0,0,0,7,96,2021-06-15,Sweden
1,0,0,146,1097,2021-06-15,Japan
0,0,0,27,372,2021-06-16,Afghanistan
0,0,0,7,96,2021-06-16,Sweden
1,0,0,146,1097,2021-06-16,Japan
0,0,0,27,372,2021-06-17,Afghanistan
0,0,0,7,96,2021-06-17,Sweden
1,0,0,146,1097,2021-06-17,Japan
0,0,0,27,372,2021-06-18,Afghanistan
0,0,0,7,96,2021-06-18,Sweden
1,0,0,146,1097,2021-06-18,Japan
0,0,0,27,372,2021-06-19,Afghanistan
0,0,0,7,96,2021-06-19,Sweden
1,0,0,146,1097,2021-06-19,Japan
0,0,0,27,372,2021-06-20,Afghanistan
0,0,0,7,96,2021-06-20,Sweden
1,0,0,146,1097,2021-06-20,Japan
0,0,0,27,372,2021-06-21,Afghanistan
0,0,0,7,96,2021-06-21,Sweden
1,0,0,146,1097,2021-06-21,Japan
0,0,0,27,372,2021-06-22,Afghanistan
0,0,0,7,96,2021-06-22,Sweden
1,0,0,146,1097,2021-06-22,Japan
0,0,0,27,372,2021-06-23,Afghanistan
0,0,0,7,96,2021-06-23,Sweden
1,0,0,146,1097,2021-06-23,Japan
0,0,0,27,372,2021-06-24,Afghanistan
0,0,0,7,96,2021-06-24,Sweden
0,1,0,146,1097,2021-06-24,Japan
0,0,0,27,372,2021-06-25,Afghanistan
0,0,0,7,96,2021-06-25,Sweden
0,1,0,146,1097,2021-06-25,Japan
0,0,0,27,372,2021-06-26,Afghanistan
0,0,0,7,96,2021-06-26,Sweden
0,1,0,146,1097,2021-06-26,Japan
0,0,0,27,372,2021-06-27,Afghanistan
0,0,0,7,96,2021-06-27,Sweden
0,1,0,146,1097,2021-06-27,Japan
0,0,0,27,372,2021-06-28,Afghanistan
0,0,0,7,96,2021-06-28,Sweden
0,0,1,146,1097,2021-06-28,Japan
0,0,0,27,372,2021-06-29,Afghanistan
0,0,0,7,96,2021-06-29,Sweden
0,0,1,146,1097,2021-06-29,Japan
0,0,0,27,372,2021-06-30,Afghanistan
0,0,0,7,96,2021-06-30,Sweden
0,0,1,146,1097,2021-06-30,Japan
0,0,0,27,372,2021-07-01,Afghanistan
0,0,0,7,96,2021-07-01,Sweden
0,0,1,146,1097,2021-07-01,Japan
0,0,0,27,372,2021-07-02,Afghanistan
0,0,0,7,96,2021-07-02,Sweden
0,0,1,146,1097,2021-07-02,Japan
0,0,0,27,372,2021-07-03,Afghanistan
0,0,0,7,96,2021-07-03,Sweden
0,0,1,146,1097,2021-07-03,Japan
0,0,0,27,372,2021-07-04,Afghanistan
0,0,0,7,96,2021-07-04,Sweden
0,0,1,146,1097,2021-07-04,Japan
0,0,0,27,372,2021-07-05,Afghanistan
0,0,0,7,96,2021-07-05,Sweden
0,0,1,146,1097,2021-07-05,Japan
0,0,0,27,372,2021-07-06,Afghanistan
0,0,0,7,96,2021-07-06,Sweden
0,0,1,146,1097,2021-07-06,Japan
0,0,0,27,372,2021-07-07,Afghanistan
0,0,0,7,96,2021-07-07,Sweden
0,0,1,146,1097,2021-07-07,Japan
0,0,0,27,372,2021-07-08,Afghanistan
0,0,0,7,96,2021-07-08,Sweden
0,0,1,146,1097,2021-07-08,Japan
0,0,0,27,372,2021-07-09,Afghanistan
0,0,0,7,96,2021-07-09,Sweden
0,0,1,146,1097,2021-07-09,Japan
0,0,0,27,372,2021-07-10,Afghanistan
0,0,0,7,96,2021-07-10,Sweden
0,0,1,146,1097,2021-07-10,Japan
0,0,0,27,372,2021-07-11,Afghanistan
0,0,0,7,96,2021-07-11,Sweden
0,0,1,146,1097,2021-07-11,Japan
0,0,0,27,372,2021-07-12,Afghanistan
0,0,0,7,96,2021-07-12,Sweden
0,0,0,146,1098,2021-07-12,Japan
0,0,0,27,372,2021-07-13,Afghanistan
0,0,0,7,96,2021-07-13,Sweden
0,0,0,146,1098,2021-07-13,Japan
0,0,0,27,372,2021-07-14,Afghanistan
0,0,0,7,96,2021-07-14,Sweden
0,0,0,146,1098,2021-07-14,Japan
0,0,0,27,372,2021-07-15,Afghanistan
0,0,0,7,96,2021-07-15,Sweden
0,0,0,146,1098,2021-07-15,Japan
0,0,0,27,372,2021-07-16,Afghanistan
0,0,0,7,96,2021-07-16,Sweden
0,0,0,146,1098,2021-07-16,Japan
0,0,0,27,372,2021-07-17,Afghanistan
0,0,0,7,96,2021-07-17,Sweden
0,0,0,146,1098,2021-07-17,Japan
0,0,0,27,372,2021-07-18,Afghanistan
0,0,0,7,96,2021-07-18,Sweden
0,0,0,146,1098,2021-07-18,Japan
0,0,0,27,372,2021-07-19,Afghanistan
0,0,0,7,96,2021-07-19,Sweden
0,0,0,146,1098,2021-07-19,Japan
0,0,0,27,372,2021-07-20,Afghanistan
0,0,0,7,96,2021-07-20,Sweden
0,0,0,146,1098,2021-07-20,Japan
0,0,0,27,372,2021-07-21,Afghanistan
0,0,0,7,96,2021-07-21,Sweden
0,0,0,146,1098,2021-07-21,Japan
0,0,0,27,372,2021-07-22,Afghanistan
0,0,0,7,96,2021-07-22,Sweden
0,0,0,146,1098,2021-07-22,Japan
0,0,0,27,372,2021-07-23,Afghanistan
0,0,0,7,96,2021-07-23,Sweden
0,0,0,146,1098,2021-07-23,Japan
0,0,0,27,372,2021-07-24,Afghanistan
0,0,0,7,96,2021-07-24,Sweden
0,0,0,146,1098,2021-07-24,Japan
0,0,0,27,372,2021-07-25,Afghanistan
0,0,0,7,96,2021-07-25,Sweden
0,0,0,146,1098,2021-07-25,Japan
0,0,0,27,372,2021-07-26,Afghanistan
0,0,0,7,96,2021-07-26,Sweden
0,0,0,146,1098,2021-07-26,Japan
0,0,0,27,372,2021-07-27,Afghanistan
0,0,0,7,96,2021-07-27,Sweden
0,0,0,146,1098,2021-07-27,Japan
0,0,0,27,372,2021-07-28,Afghanistan
0,0,0,7,96,2021-07-28,Sweden
0,0,0,146,1098,2021-07-28,Japan
0,0,0,27,372,2021-07-29,Afghanistan
0,0,0,7,96,2021-07-29,Sweden
0,0,0,146,1098,2021-07-29,Japan
0,0,0,27,372,2021-07-30,Afghanistan
0,0,0,7,96,2021-07-30,Sweden
0,0,0,146,1098,2021-07-30,Japan
0,0,0,27,372,2021-07-31,Afghanistan
0,0,0,7,96,2021-07-31,Sweden
0,0,0,146,1098,2021-07-31,Japan
0,0,0,27,372,2021-08-01,Afghanistan
0,0,0,7,96,2021-08-01,Sweden
0,0,0,146,1098,2021-08-01,Japan
0,0,0,27,372,2021-08-02,Afghanistan
0,0,0,7,96,2021-08-02,Sweden
0,0,0,146,1098,2021-08-02,Japan
33,0,0,27,339,2021-08-03,Afghanistan
17,0,0,7,79,2021-08-03,Sweden
169,0,0,146,929,2021-08-03,Japan
68,8,0,27,296,2021-08-04,Afghanistan
26,4,0,7,66,2021-08-04,Sweden
233,49,0,146,816,2021-08-04,Japan
79,22,0,27,271,2021-08-05,Afghanistan
30,9,0,7,57,2021-08-05,Sweden
247,119,0,146,732,2021-08-05,Japan
80,40,0,27,252,2021-08-06,Afghanistan
31,15,0,7,50,2021-08-06,Sweden
244,196,0,146,658,2021-08-06,Japan
77,57,0,27,238,2021-08-07,Afghanistan
28,21,0,7,47,2021-08-07,Sweden
221,262,0,146,615,2021-08-07,Japan
70,67,3,27,232,2021-08-08,Afghanistan
22,23,2,7,49,2021-08-08,Sweden
195,274,26,146,603,2021-08-08,Japan
70,61,8,27,233,2021-08-09,Afghanistan
22,21,3,7,50,2021-08-09,Sweden
185,247,63,146,603,2021-08-09,Japan
72,51,17,27,232,2021-08-10,Afghanistan
13,24,6,7,53,2021-08-10,Sweden
151,222,96,146,629,2021-08-10,Japan
64,48,26,27,234,2021-08-11,Afghanistan
14,19,10,7,53,2021-08-11,Sweden
127,195,136,146,640,2021-08-11,Japan
60,39,37,27,236,2021-08-12,Afghanistan
13,15,14,7,54,2021-08-12,Sweden
112,164,169,146,653,2021-08-12,Japan
57,37,40,27,238,2021-08-13,Afghanistan
12,14,15,7,55,2021-08-13,Sweden
95,143,194,146,666,2021-08-13,Japan
52,36,45,27,239,2021-08-14,Afghanistan
10,7,18,7,61,2021-08-14,Sweden
80,109,222,146,687,2021-08-14,Japan
49,27,53,27,243,2021-08-15,Afghanistan
8,8,18,7,62,2021-08-15,Sweden
62,91,244,146,701,2021-08-15,Japan
44,23,58,27,247,2021-08-16,Afghanistan
5,9,19,7,63,2021-08-16,Sweden
55,72,260,146,711,2021-08-16,Japan
81,20,63,27,208,2021-08-17,Afghanistan
15,7,19,7,55,2021-08-17,Sweden
165,62,269,146,602,2021-08-17,Japan
89,31,68,27,184,2021-08-18,Afghanistan
14,12,20,7,50,2021-08-18,Sweden
236,74,280,146,508,2021-08-18,Japan
97,45,70,27,160,2021-08-19,Afghanistan
10,15,20,7,51,2021-08-19,Sweden
242,101,291,146,464,2021-08-19,Japan
91,57,72,27,152,2021-08-20,Afghanistan
15,14,22,7,45,2021-08-20,Sweden
218,156,295,146,429,2021-08-20,Japan
84,74,73,27,141,2021-08-21,Afghanistan
17,16,22,7,41,2021-08-21,Sweden
199,199,304,146,396,2021-08-21,Japan
77,70,77,27,148,2021-08-22,Afghanistan
15,13,23,8,44,2021-08-22,Sweden
176,214,292,155,407,2021-08-22,Japan
80,62,80,28,149,2021-08-23,Afghanistan
9,15,24,8,47,2021-08-23,Sweden
155,205,281,161,442,2021-08-23,Japan
69,62,80,28,160,2021-08-24,Afghanistan
8,15,22,9,49,2021-08-24,Sweden
127,176,273,174,494,2021-08-24,Japan
60,56,82,29,172,2021-08-25,Afghanistan
9,14,20,12,48,2021-08-25,Sweden
110,150,259,187,538,2021-08-25,Japan
51,52,77,29,190,2021-08-26,Afghanistan
9,11,17,13,53,2021-08-26,Sweden
98,129,249,197,571,2021-08-26,Japan
40,55,80,30,194,2021-08-27,Afghanistan
7,6,21,13,56,2021-08-27,Sweden
89,108,248,203,596,2021-08-27,Japan
34,47,81,31,206,2021-08-28,Afghanistan
6,6,19,14,58,2021-08-28,Sweden
81,89,239,210,625,2021-08-28,Japan
33,38,79,32,217,2021-08-29,Afghanistan
6,6,20,14,57,2021-08-29,Sweden
70,74,233,213,654,2021-08-29,Japan
30,34,80,32,223,2021-08-30,Afghanistan
5,7,20,14,57,2021-08-30,Sweden
63,61,231,216,673,2021-08-30,Japan
27,26,80,32,234,2021-08-31,Afghanistan
4,6,22,14,57,2021-08-31,Sweden
55,54,231,217,687,2021-08-31,Japan
26,20,78,33,242,2021-09-01,Afghanistan
2,6,23,14,58,2021-09-01,Sweden
55,40,227,218,704,2021-09-01,Japan
24,19,77,33,246,2021-09-02,Afghanistan
2,5,23,14,59,2021-09-02,Sweden
45,37,220,221,721,2021-09-02,Japan
25,15,80,33,246,2021-09-03,Afghanistan
1,4,21,15,62,2021-09-03,Sweden
41,30,219,222,732,2021-09-03,Japan
25,13,81,33,247,2021-09-04,Afghanistan
1,3,22,15,62,2021-09-04,Sweden
37,24,216,223,744,2021-09-04,Japan
25,11,76,34,253,2021-09-05,Afghanistan
1,1,19,15,67,2021-09-05,Sweden
33,27,202,225,757,2021-09-05,Japan
24,8,69,35,263,2021-09-06,Afghanistan
1,1,17,16,68,2021-09-06,Sweden
30,19,183,230,782,2021-09-06,Japan
21,10,61,36,271,2021-09-07,Afghanistan
0,1,16,17,69,2021-09-07,Sweden
33,15,159,236,801,2021-09-07,Japan
22,8,53,38,278,2021-09-08,Afghanistan
0,1,14,17,71,2021-09-08,Sweden
31,13,137,240,823,2021-09-08,Japan
23,10,47,38,281,2021-09-09,Afghanistan
0,1,13,18,71,2021-09-09,Sweden
31,8,116,243,846,2021-09-09,Japan
24,10,42,39,284,2021-09-10,Afghanistan
0,1,8,18,76,2021-09-10,Sweden
30,8,92,246,868,2021-09-10,Japan
22,9,38,40,290,2021-09-11,Afghanistan
1,0,7,18,77,2021-09-11,Sweden
28,11,73,251,881,2021-09-11,Japan
19,10,33,40,297,2021-09-12,Afghanistan
1,0,6,18,78,2021-09-12,Sweden
26,10,58,254,896,2021-09-12,Japan
17,10,29,41,302,2021-09-13,Afghanistan
1,0,5,18,79,2021-09-13,Sweden
27,8,44,256,909,2021-09-13,Japan
16,10,25,41,307,2021-09-14,Afghanistan
1,0,3,18,81,2021-09-14,Sweden
25,8,37,259,915,2021-09-14,Japan
13,10,24,41,311,2021-09-15,Afghanistan
2,0,1,18,82,2021-09-15,Sweden
22,8,31,263,920,2021-09-15,Japan
11,9,23,41,315,2021-09-16,Afghanistan
1,1,1,18,82,2021-09-16,Sweden
23,6,28,265,922,2021-09-16,Japan
9,8,19,41,322,2021-09-17,Afghanistan
1,1,1,18,82,2021-09-17,Sweden
22,9,25,267,921,2021-09-17,Japan
7,9,18,41,324,2021-09-18,Afghanistan
1,1,0,18,83,2021-09-18,Sweden
18,10,20,269,927,2021-09-18,Japan
6,7,17,41,328,2021-09-19,Afghanistan
1,1,0,18,83,2021-09-19,Sweden
17,8,22,269,928,2021-09-19,Japan
6,5,17,41,330,2021-09-20,Afghanistan
1,0,0,18,84,2021-09-20,Sweden
16,9,15,269,935,2021-09-20,Japan
6,3,17,41,332,2021-09-21,Afghanistan
1,0,0,18,84,2021-09-21,Sweden
17,6,16,269,936,2021-09-21,Japan
6,1,15,41,336,2021-09-22,Afghanistan
1,0,0,18,84,2021-09-22,Sweden
15,4,13,270,942,2021-09-22,Japan
6,0,15,41,337,2021-09-23,Afghanistan
1,0,0,18,84,2021-09-23,Sweden
15,3,11,270,945,2021-09-23,Japan
6,0,14,41,338,2021-09-24,Afghanistan
1,0,0,18,84,2021-09-24,Sweden
14,4,11,270,945,2021-09-24,Japan
6,0,12,41,340,2021-09-25,Afghanistan
0,1,0,18,84,2021-09-25,Sweden
12,6,11,270,945,2021-09-25,Japan
6,0,11,41,341,2021-09-26,Afghanistan
0,1,0,18,84,2021-09-26,Sweden
10,6,11,270,947,2021-09-26,Japan
6,0,9,41,343,2021-09-27,Afghanistan
0,1,0,18,84,2021-09-27,Sweden
9,7,11,270,947,2021-09-27,Japan
4,2,8,41,344,2021-09-28,Afghanistan
0,1,0,18,84,2021-09-28,Sweden
9,5,11,270,949,2021-09-28,Japan
4,2,6,41,346,2021-09-29,Afghanistan
0,0,0,18,85,2021-09-29,Sweden
7,5,11,270,951,2021-09-29,Japan
4,2,6,41,346,2021-09-30,Afghanistan
0,0,0,18,85,2021-09-30,Sweden
7,3,11,270,953,2021-09-30,Japan
4,2,5,41,347,2021-10-01,Afghanistan
0,0,0,18,85,2021-10-01,Sweden
5,4,12,270,953,2021-10-01,Japan
4,0,5,41,349,2021-10-02,Afghanistan
0,0,0,18,85,2021-10-02,Sweden
6,4,11,270,953,2021-10-02,Japan
3,1,4,42,349,2021-10-03,Afghanistan
0,0,0,18,85,2021-10-03,Sweden
5,3,10,271,955,2021-10-03,Japan
3,1,3,42,350,2021-10-04,Afghanistan
0,0,0,18,85,2021-10-04,Sweden
3,5,10,271,955,2021-10-04,Japan
3,1,2,42,351,2021-10-05,Afghanistan
0,0,0,18,85,2021-10-05,Sweden
3,3,9,271,958,2021-10-05,Japan
3,1,1,42,352,2021-10-06,Afghanistan
0,0,0,18,85,2021-10-06,Sweden
3,3,8,271,959,2021-10-06,Japan
3,0,2,42,352,2021-10-07,Afghanistan
0,0,0,18,85,2021-10-07,Sweden
2,3,9,271,959,2021-10-07,Japan
3,0,2,42,352,2021-10-08,Afghanistan
0,0,0,18,85,2021-10-08,Sweden
2,1,11,271,959,2021-10-08,Japan
3,0,2,42,352,2021-10-09,Afghanistan
0,0,0,18,85,2021-10-09,Sweden
2,1,11,271,959,2021-10-09,Japan
2,1,2,42,352,2021-10-10,Afghanistan
0,0,0,18,85,2021-10-10,Sweden
1,2,10,271,960,2021-10-10,Japan
3,1,2,42,351,2021-10-11,Afghanistan
0,0,0,18,85,2021-10-11,Sweden
1,1,10,271,961,2021-10-11,Japan
3,1,2,42,351,2021-10-12,Afghanistan
0,0,0,18,85,2021-10-12,Sweden
1,1,8,271,963,2021-10-12,Japan
2,2,2,42,351,2021-10-13,Afghanistan
0,0,0,18,85,2021-10-13,Sweden
1,1,7,271,964,2021-10-13,Japan
2,1,3,42,351,2021-10-14,Afghanistan
0,0,0,18,85,2021-10-14,Sweden
1,0,7,271,965,2021-10-14,Japan
2,1,3,42,351,2021-10-15,Afghanistan
0,0,0,18,85,2021-10-15,Sweden
1,0,6,271,966,2021-10-15,Japan
2,1,2,42,352,2021-10-16,Afghanistan
0,0,0,18,85,2021-10-16,Sweden
1,0,6,271,966,2021-10-16,Japan
2,0,3,42,352,2021-10-17,Afghanistan
0,0,0,18,85,2021-10-17,Sweden
1,0,5,271,967,2021-10-17,Japan
1,1,3,42,352,2021-10-18,Afghanistan
0,0,0,18,85,2021-10-18,Sweden
1,0,5,271,967,2021-10-18,Japan
1,1,3,42,352,2021-10-19,Afghanistan
0,0,0,18,85,2021-10-19,Sweden
1,0,4,271,968,2021-10-19,Japan
1,1,3,42,352,2021-10-20,Afghanistan
0,0,0,18,85,2021-10-20,Sweden
0,1,4,271,968,2021-10-20,Japan
1,1,2,42,353,2021-10-21,Afghanistan
0,0,0,18,85,2021-10-21,Sweden
0,1,3,271,969,2021-10-21,Japan
1,0,3,42,353,2021-10-22,Afghanistan
0,0,0,18,85,2021-10-22,Sweden
0,1,1,271,971,2021-10-22,Japan
1,0,3,42,353,2021-10-23,Afghanistan
0,0,0,18,85,2021-10-23,Sweden
0,1,1,271,971,2021-10-23,Japan
1,0,3,42,353,2021-10-24,Afghanistan
0,0,0,18,85,2021-10-24,Sweden
0,0,1,271,972,2021-10-24,Japan
1,0,3,42,353,2021-10-25,Afghanistan
0,0,0,18,85,2021-10-25,Sweden
0,0,1,271,972,2021-10-25,Japan
1,0,3,42,353,2021-10-26,Afghanistan
0,0,0,18,85,2021-10-26,Sweden
0,0,1,271,972,2021-10-26,Japan
1,0,3,42,353,2021-10-27,Afghanistan
0,0,0,18,85,2021-10-27,Sweden
0,0,1,271,972,2021-10-27,Japan
1,0,2,42,354,2021-10-28,Afghanistan
0,0,0,18,85,2021-10-28,Sweden
0,0,0,271,973,2021-10-28,Japan
1,0,2,42,354,2021-10-29,Afghanistan
0,0,0,18,85,2021-10-29,Sweden
0,0,0,271,973,2021-10-29,Japan
1,0,2,42,354,2021-10-30,Afghanistan
0,0,0,18,85,2021-10-30,Sweden
0,0,0,271,973,2021-10-30,Japan
1,0,1,42,355,2021-10-31,Afghanistan
0,0,0,18,85,2021-10-31,Sweden
0,0,0,271,973,2021-10-31,Japan
1,0,1,42,355,2021-11-01,Afghanistan
0,0,0,18,85,2021-11-01,Sweden
0,0,0,271,973,2021-11-01,Japan
1,0,1,42,355,2021-11-02,Afghanistan
0,0,0,18,85,2021-11-02,Sweden
0,0,0,271,973,2021-11-02,Japan
1,0,1,42,355,2021-11-03,Afghanistan
0,0,0,18,85,2021-11-03,Sweden
0,0,0,271,973,2021-11-03,Japan
1,0,1,42,355,2021-11-04,Afghanistan
0,0,0,18,85,2021-11-04,Sweden
0,0,0,271,973,2021-11-04,Japan
1,0,0,42,356,2021-11-05,Afghanistan
0,0,0,18,85,2021-11-05,Sweden
0,0,0,271,973,2021-11-05,Japan
1,0,0,42,356,2021-11-06,Afghanistan
0,0,0,18,85,2021-11-06,Sweden
0,0,0,271,973,2021-11-06,Japan
1,0,0,42,356,2021-11-07,Afghanistan
0,0,0,18,85,2021-11-07,Sweden
0,0,0,271,973,2021-11-07,Japan
0,1,0,42,356,2021-11-08,Afghanistan
0,0,0,18,85,2021-11-08,Sweden
0,0,0,271,973,2021-11-08,Japan
0,1,0,42,356,2021-11-09,Afghanistan
0,0,0,18,85,2021-11-09,Sweden
1,0,0,271,972,2021-11-09,Japan
0,1,0,42,356,2021-11-10,Afghanistan
0,0,0,18,85,2021-11-10,Sweden
1,0,0,271,972,2021-11-10,Japan
0,1,0,42,356,2021-11-11,Afghanistan
0,0,0,18,85,2021-11-11,Sweden
1,0,0,271,972,2021-11-11,Japan
0,0,0,42,357,2021-11-12,Afghanistan
0,0,0,18,85,2021-11-12,Sweden
1,0,0,271,972,2021-11-12,Japan
0,0,0,42,357,2021-11-13,Afghanistan
0,0,0,18,85,2021-11-13,Sweden
1,0,0,271,972,2021-11-13,Japan
0,0,0,42,357,2021-11-14,Afghanistan
0,0,0,18,85,2021-11-14,Sweden
1,0,0,271,972,2021-11-14,Japan
0,0,0,42,357,2021-11-15,Afghanistan
0,0,0,18,85,2021-11-15,Sweden
1,0,0,271,972,2021-11-15,Japan
0,0,0,42,357,2021-11-16,Afghanistan
0,0,0,18,85,2021-11-16,Sweden
1,0,0,271,972,2021-11-16,Japan
0,0,0,42,357,2021-11-17,Afghanistan
0,0,0,18,85,2021-11-17,Sweden
1,0,0,271,972,2021-11-17,Japan
0,0,0,42,357,2021-11-18,Afghanistan
0,0,0,18,85,2021-11-18,Sweden
1,0,0,271,972,2021-11-18,Japan
0,0,0,42,357,2021-11-19,Afghanistan
0,0,0,18,85,2021-11-19,Sweden
1,0,0,271,972,2021-11-19,Japan
0,0,0,42,357,2021-11-20,Afghanistan
0,0,0,18,85,2021-11-20,Sweden
0,1,0,271,972,2021-11-20,Japan
0,0,0,42,357,2021-11-21,Afghanistan
0,0,0,18,85,2021-11-21,Sweden
0,1,0,271,972,2021-11-21,Japan
0,0,0,42,357,2021-11-22,Afghanistan
0,0,0,18,85,2021-11-22,Sweden
0,1,0,271,972,2021-11-22,Japan
0,0,0,42,357,2021-11-23,Afghanistan
0,0,0,18,85,2021-11-23,Sweden
0,1,0,271,972,2021-11-23,Japan
0,0,0,42,357,2021-11-24,Afghanistan
0,0,0,18,85,2021-11-24,Sweden
0,0,1,271,972,2021-11-24,Japan
0,0,0,42,357,2021-11-25,Afghanistan
0,0,0,18,85,2021-11-25,Sweden
0,0,1,271,972,2021-11-25,Japan
0,0,0,42,357,2021-11-26,Afghanistan
0,0,0,18,85,2021-11-26,Sweden
0,0,1,271,972,2021-11-26,Japan
0,0,0,42,357,2021-11-27,Afghanistan
0,0,0,18,85,2021-11-27,Sweden
0,0,1,271,972,2021-11-27,Japan
0,0,0,42,357,2021-11-28,Afghanistan
0,0,0,18,85,2021-11-28,Sweden
0,0,1,271,972,2021-11-28,Japan
0,0,0,42,357,2021-11-29,Afghanistan
0,0,0,18,85,2021-11-29,Sweden
0,0,1,271,972,2021-11-29,Japan
0,0,0,42,357,2021-11-30,Afghanistan
0,0,0,18,85,2021-11-30,Sweden
0,0,1,271,972,2021-11-30,Japan
0,0,0,42,357,2021-12-01,Afghanistan
0,0,0,18,85,2021-12-01,Sweden
0,0,1,271,972,2021-12-01,Japan
0,0,0,42,357,2021-12-02,Afghanistan
0,0,0,18,85,2021-12-02,Sweden
0,0,1,271,972,2021-12-02,Japan
0,0,0,42,357,2021-12-03,Afghanistan
0,0,0,18,85,2021-12-03,Sweden
0,0,1,271,972,2021-12-03,Japan
0,0,0,42,357,2021-12-04,Afghanistan
0,0,0,18,85,2021-12-04,Sweden
0,0,1,271,972,2021-12-04,Japan
0,0,0,42,357,2021-12-05,Afghanistan
0,0,0,18,85,2021-12-05,Sweden
0,0,1,271,972,2021-12-05,Japan
5,0,0,42,352,2021-12-06,Afghanistan
2,0,0,18,83,2021-12-06,Sweden
23,0,1,271,949,2021-12-06,Japan
14,0,0,42,343,2021-12-07,Afghanistan
6,0,0,18,79,2021-12-07,Sweden
51,5,1,271,916,2021-12-07,Japan
15,8,0,42,334,2021-12-08,Afghanistan
9,0,0,18,76,2021-12-08,Sweden
84,16,0,271,873,2021-12-08,Japan
18,13,0,42,326,2021-12-09,Afghanistan
8,3,0,18,74,2021-12-09,Sweden
90,36,0,271,847,2021-12-09,Japan
20,18,0,42,319,2021-12-10,Afghanistan
9,4,0,18,72,2021-12-10,Sweden
93,61,0,271,819,2021-12-10,Japan
22,21,0,42,314,2021-12-11,Afghanistan
9,6,0,18,70,2021-12-11,Sweden
86,81,3,271,803,2021-12-11,Japan
20,18,6,42,313,2021-12-12,Afghanistan
12,9,0,18,64,2021-12-12,Sweden
78,102,6,271,787,2021-12-12,Japan
23,16,7,42,311,2021-12-13,Afghanistan
7,12,2,18,64,2021-12-13,Sweden
72,105,18,271,778,2021-12-13,Japan
21,17,9,42,310,2021-12-14,Afghanistan
8,11,3,18,63,2021-12-14,Sweden
66,100,31,271,776,2021-12-14,Japan
16,20,11,42,310,2021-12-15,Afghanistan
7,12,4,18,62,2021-12-15,Sweden
61,93,43,271,776,2021-12-15,Japan
17,16,13,42,311,2021-12-16,Afghanistan
6,11,5,18,63,2021-12-16,Sweden
53,76,58,271,786,2021-12-16,Japan
17,16,13,42,311,2021-12-17,Afghanistan
8,5,9,18,63,2021-12-17,Sweden
48,68,69,271,788,2021-12-17,Japan
17,13,14,42,313,2021-12-18,Afghanistan
7,7,9,18,62,2021-12-18,Sweden
49,54,78,271,792,2021-12-18,Japan
17,9,17,42,314,2021-12-19,Afghanistan
7,4,11,18,63,2021-12-19,Sweden
45,43,87,271,798,2021-12-19,Japan
28,11,17,42,301,2021-12-20,Afghanistan
11,3,13,18,58,2021-12-20,Sweden
68,38,96,271,771,2021-12-20,Japan
38,13,19,42,287,2021-12-21,Afghanistan
12,6,13,18,54,2021-12-21,Sweden
110,34,101,271,728,2021-12-21,Japan
49,16,21,42,271,2021-12-22,Afghanistan
11,8,14,18,52,2021-12-22,Sweden
137,62,104,271,670,2021-12-22,Japan
54,26,21,42,256,2021-12-23,Afghanistan
12,8,14,18,51,2021-12-23,Sweden
153,95,108,271,617,2021-12-23,Japan
63,33,21,42,240,2021-12-24,Afghanistan
14,11,15,18,45,2021-12-24,Sweden
159,124,114,271,576,2021-12-24,Japan
49,49,22,42,237,2021-12-25,Afghanistan
15,10,17,18,43,2021-12-25,Sweden
151,155,120,271,547,2021-12-25,Japan
56,51,17,46,229,2021-12-26,Afghanistan
14,10,18,18,43,2021-12-26,Sweden
164,147,133,271,529,2021-12-26,Japan
63,47,20,46,223,2021-12-27,Afghanistan
12,12,16,19,44,2021-12-27,Sweden
143,160,139,273,529,2021-12-27,Japan
52,57,24,46,220,2021-12-28,Afghanistan
11,10,16,19,47,2021-12-28,Sweden
121,166,148,273,536,2021-12-28,Japan
54,48,33,46,218,2021-12-29,Afghanistan
11,8,15,19,50,2021-12-29,Sweden
105,157,157,275,550,2021-12-29,Japan
56,48,34,46,215,2021-12-30,Afghanistan
7,9,17,19,51,2021-12-30,Sweden
93,164,154,280,553,2021-12-30,Japan
55,47,38,46,213,2021-12-31,Afghanistan
7,8,14,19,55,2021-12-31,Sweden
86,136,168,283,571,2021-12-31,Japan
47,38,46,46,222,2022-01-01,Afghanistan
8,8,15,19,53,2022-01-01,Sweden
77,111,182,284,590,2022-01-01,Japan
43,35,48,47,226,2022-01-02,Afghanistan
7,9,13,19,55,2022-01-02,Sweden
72,96,199,285,592,2022-01-02,Japan
47,30,55,47,220,2022-01-03,Afghanistan
9,7,14,19,54,2022-01-03,Sweden
72,79,210,288,595,2022-01-03,Japan
48,32,55,47,217,2022-01-04,Afghanistan
8,8,14,19,54,2022-01-04,Sweden
77,74,219,290,584,2022-01-04,Japan
53,25,60,48,213,2022-01-05,Afghanistan
9,6,14,19,55,2022-01-05,Sweden
82,71,223,290,578,2022-01-05,Japan
52,27,65,48,207,2022-01-06,Afghanistan
11,5,15,19,53,2022-01-06,Sweden
84,74,232,291,563,2022-01-06,Japan
50,33,68,48,200,2022-01-07,Afghanistan
10,3,15,19,56,2022-01-07,Sweden
91,76,234,291,552,2022-01-07,Japan
45,34,70,48,202,2022-01-08,Afghanistan
15,1,14,19,54,2022-01-08,Sweden
97,74,239,295,539,2022-01-08,Japan
47,35,71,48,198,2022-01-09,Afghanistan
14,4,13,19,53,2022-01-09,Sweden
89,79,233,298,545,2022-01-09,Japan
47,31,73,48,200,2022-01-10,Afghanistan
14,5,13,19,52,2022-01-10,Sweden
82,80,220,300,562,2022-01-10,Japan
46,29,73,50,201,2022-01-11,Afghanistan
13,6,12,19,53,2022-01-11,Sweden
77,81,208,309,569,2022-01-11,Japan
45,25,68,51,210,2022-01-12,Afghanistan
12,9,12,19,51,2022-01-12,Sweden
68,79,198,311,588,2022-01-12,Japan
42,27,67,52,211,2022-01-13,Afghanistan
14,6,10,20,53,2022-01-13,Sweden
63,67,197,313,604,2022-01-13,Japan
43,23,68,52,213,2022-01-14,Afghanistan
12,7,9,20,55,2022-01-14,Sweden
57,54,181,324,628,2022-01-14,Japan
44,22,61,53,219,2022-01-15,Afghanistan
11,6,9,20,57,2022-01-15,Sweden
51,42,168,329,654,2022-01-15,Japan
42,20,59,53,225,2022-01-16,Afghanistan
10,5,11,20,57,2022-01-16,Sweden
42,41,150,333,678,2022-01-16,Japan
40,19,55,53,232,2022-01-17,Afghanistan
8,7,8,21,59,2022-01-17,Sweden
35,39,135,337,698,2022-01-17,Japan
37,21,54,53,234,2022-01-18,Afghanistan
8,6,9,21,59,2022-01-18,Sweden
36,36,126,341,705,2022-01-18,Japan
35,19,52,53,240,2022-01-19,Afghanistan
7,6,8,21,61,2022-01-19,Sweden
33,34,122,342,713,2022-01-19,Japan
33,21,49,53,243,2022-01-20,Afghanistan
6,5,7,21,64,2022-01-20,Sweden
35,23,116,343,727,2022-01-20,Japan
30,19,48,53,249,2022-01-21,Afghanistan
5,4,7,21,66,2022-01-21,Sweden
31,22,113,343,735,2022-01-21,Japan
30,15,46,53,255,2022-01-22,Afghanistan
4,4,7,21,67,2022-01-22,Sweden
29,19,102,345,749,2022-01-22,Japan
29,14,46,53,257,2022-01-23,Afghanistan
4,3,8,21,67,2022-01-23,Sweden
24,19,94,347,760,2022-01-23,Japan
27,11,43,54,264,2022-01-24,Afghanistan
4,2,8,21,68,2022-01-24,Sweden
24,17,91,348,764,2022-01-24,Japan
29,7,39,54,270,2022-01-25,Afghanistan
4,1,9,21,68,2022-01-25,Sweden
22,12,83,348,779,2022-01-25,Japan
27,9,34,54,275,2022-01-26,Afghanistan
1,3,9,21,69,2022-01-26,Sweden
18,15,74,350,787,2022-01-26,Japan
25,10,35,54,275,2022-01-27,Afghanistan
2,3,8,21,69,2022-01-27,Sweden
17,13,63,353,798,2022-01-27,Japan
23,9,32,55,280,2022-01-28,Afghanistan
1,4,8,21,69,2022-01-28,Sweden
18,12,55,354,805,2022-01-28,Japan
21,12,30,55,281,2022-01-29,Afghanistan
1,4,7,21,70,2022-01-29,Sweden
17,11,45,357,814,2022-01-29,Japan
19,13,29,55,283,2022-01-30,Afghanistan
1,1,7,21,73,2022-01-30,Sweden
16,7,39,360,822,2022-01-30,Japan
15,13,28,56,287,2022-01-31,Afghanistan
1,1,7,21,73,2022-01-31,Sweden
15,7,35,360,827,2022-01-31,Japan
14,13,28,56,288,2022-02-01,Afghanistan
1,0,6,21,75,2022-02-01,Sweden
13,8,31,360,832,2022-02-01,Japan
12,13,25,56,293,2022-02-02,Afghanistan
1,0,6,21,75,2022-02-02,Sweden
15,8,28,360,833,2022-02-02,Japan
10,12,26,56,295,2022-02-03,Afghanistan
1,0,6,21,75,2022-02-03,Sweden
15,7,22,360,840,2022-02-03,Japan
10,8,26,56,299,2022-02-04,Afghanistan
1,0,5,21,76,2022-02-04,Sweden
15,4,18,361,846,2022-02-04,Japan
9,7,26,56,301,2022-02-05,Afghanistan
1,0,4,22,76,2022-02-05,Sweden
13,4,15,361,851,2022-02-05,Japan
9,4,27,56,303,2022-02-06,Afghanistan
1,0,3,23,76,2022-02-06,Sweden
11,5,14,361,853,2022-02-06,Japan
9,1,26,56,307,2022-02-07,Afghanistan
1,0,3,23,76,2022-02-07,Sweden
11,5,12,361,855,2022-02-07,Japan
9,1,24,56,309,2022-02-08,Afghanistan
0,1,2,23,77,2022-02-08,Sweden
11,6,10,361,856,2022-02-08,Japan
7,2,24,57,309,2022-02-09,Afghanistan
0,1,2,23,77,2022-02-09,Sweden
11,6,9,361,857,2022-02-09,Japan
7,2,21,57,312,2022-02-10,Afghanistan
0,1,2,23,77,2022-02-10,Sweden
12,4,9,361,858,2022-02-10,Japan
6,3,19,57,314,2022-02-11,Afghanistan
0,1,2,23,77,2022-02-11,Sweden
12,4,9,361,858,2022-02-11,Japan
6,3,19,57,314,2022-02-12,Afghanistan
0,0,3,23,77,2022-02-12,Sweden
12,4,10,361,857,2022-02-12,Japan
7,1,18,57,316,2022-02-13,Afghanistan
0,0,1,23,79,2022-02-13,Sweden
10,4,10,361,859,2022-02-13,Japan
5,3,16,57,318,2022-02-14,Afghanistan
0,0,1,23,79,2022-02-14,Sweden
11,4,9,361,859,2022-02-14,Japan
4,3,16,57,319,2022-02-15,Afghanistan
0,0,1,23,79,2022-02-15,Sweden
10,4,8,361,861,2022-02-15,Japan
4,3,14,57,321,2022-02-16,Afghanistan
0,0,1,23,79,2022-02-16,Sweden
9,5,9,361,860,2022-02-16,Japan
4,3,11,57,324,2022-02-17,Afghanistan
0,0,1,23,79,2022-02-17,Sweden
9,3,8,361,863,2022-02-17,Japan
5,1,10,57,326,2022-02-18,Afghanistan
0,0,1,23,79,2022-02-18,Sweden
9,4,7,361,863,2022-02-18,Japan
5,0,10,57,327,2022-02-19,Afghanistan
0,0,1,23,79,2022-02-19,Sweden
11,3,7,361,862,2022-02-19,Japan
4,1,7,57,330,2022-02-20,Afghanistan
0,0,1,23,79,2022-02-20,Sweden
11,1,7,361,864,2022-02-20,Japan
4,1,5,57,332,2022-02-21,Afghanistan
0,0,1,23,79,2022-02-21,Sweden
10,3,7,361,863,2022-02-21,Japan
3,2,5,57,332,2022-02-22,Afghanistan
0,0,1,23,79,2022-02-22,Sweden
9,3,8,361,863,2022-02-22,Japan
3,2,4,57,333,2022-02-23,Afghanistan
0,0,1,23,79,2022-02-23,Sweden
7,5,7,361,864,2022-02-23,Japan
3,1,4,57,334,2022-02-24,Afghanistan
0,0,1,23,79,2022-02-24,Sweden
7,5,7,361,864,2022-02-24,Japan
3,2,4,57,333,2022-02-25,Afghanistan
0,0,1,23,79,2022-02-25,Sweden
8,3,7,361,865,2022-02-25,Japan
2,2,4,57,334,2022-02-26,Afghanistan
0,0,0,23,80,2022-02-26,Sweden
7,3,6,361,867,2022-02-26,Japan
2,2,3,57,335,2022-02-27,Afghanistan
0,0,0,23,80,2022-02-27,Sweden
4,4,6,361,869,2022-02-27,Japan
3,2,3,57,334,2022-02-28,Afghanistan
0,0,0,23,80,2022-02-28,Sweden
4,4,6,361,869,2022-02-28,Japan
3,1,2,57,336,2022-03-01,Afghanistan
0,0,0,23,80,2022-03-01,Sweden
4,4,6,361,869,2022-03-01,Japan
3,0,3,57,336,2022-03-02,Afghanistan
0,0,0,23,80,2022-03-02,Sweden
4,3,6,361,870,2022-03-02,Japan
3,0,3,57,336,2022-03-03,Afghanistan
0,0,0,23,80,2022-03-03,Sweden
4,0,6,361,873,2022-03-03,Japan
1,2,2,57,337,2022-03-04,Afghanistan
0,0,0,23,80,2022-03-04,Sweden
4,0,6,361,873,2022-03-04,Japan
2,2,1,57,337,2022-03-05,Afghanistan
0,0,0,23,80,2022-03-05,Sweden
3,1,6,361,873,2022-03-05,Japan
2,2,1,57,337,2022-03-06,Afghanistan
0,0,0,23,80,2022-03-06,Sweden
3,1,5,361,874,2022-03-06,Japan
2,2,1,57,337,2022-03-07,Afghanistan
0,0,0,23,80,2022-03-07,Sweden
2,2,5,361,874,2022-03-07,Japan
2,0,3,57,337,2022-03-08,Afghanistan
0,0,0,23,80,2022-03-08,Sweden
1,3,4,361,875,2022-03-08,Japan
1,1,3,57,337,2022-03-09,Afghanistan
0,0,0,23,80,2022-03-09,Sweden
1,2,4,361,876,2022-03-09,Japan
1,1,3,57,337,2022-03-10,Afghanistan
0,0,0,23,80,2022-03-10,Sweden
1,2,4,361,876,2022-03-10,Japan
0,2,3,57,337,2022-03-11,Afghanistan
0,0,0,23,80,2022-03-11,Sweden
1,1,3,361,878,2022-03-11,Japan
1,2,3,57,336,2022-03-12,Afghanistan
0,0,0,23,80,2022-03-12,Sweden
1,0,4,361,878,2022-03-12,Japan
1,1,4,57,336,2022-03-13,Afghanistan
0,0,0,23,80,2022-03-13,Sweden
1,0,2,361,880,2022-03-13,Japan
1,1,4,57,336,2022-03-14,Afghanistan
0,0,0,23,80,2022-03-14,Sweden
1,0,2,361,880,2022-03-14,Japan
1,0,5,57,336,2022-03-15,Afghanistan
0,0,0,23,80,2022-03-15,Sweden
1,0,2,361,880,2022-03-15,Japan
1,0,4,57,337,2022-03-16,Afghanistan
0,0,0,23,80,2022-03-16,Sweden
1,0,1,361,881,2022-03-16,Japan
0,1,4,57,337,2022-03-17,Afghanistan
0,0,0,23,80,2022-03-17,Sweden
1,0,1,361,881,2022-03-17,Japan
0,1,4,57,337,2022-03-18,Afghanistan
0,0,0,23,80,2022-03-18,Sweden
1,0,1,361,881,2022-03-18,Japan
0,1,4,57,337,2022-03-19,Afghanistan
0,0,0,23,80,2022-03-19,Sweden
1,0,1,361,881,2022-03-19,Japan
0,1,4,57,337,2022-03-20,Afghanistan
0,0,0,23,80,2022-03-20,Sweden
1,0,1,361,881,2022-03-20,Japan
0,0,5,57,337,2022-03-21,Afghanistan
0,0,0,23,80,2022-03-21,Sweden
1,0,1,361,881,2022-03-21,Japan
0,0,3,57,339,2022-03-22,Afghanistan
0,0,0,23,80,2022-03-22,Sweden
1,0,1,361,881,2022-03-22,Japan
0,0,3,57,339,2022-03-23,Afghanistan
0,0,0,23,80,2022-03-23,Sweden
1,0,1,361,881,2022-03-23,Japan
0,0,3,57,339,2022-03-24,Afghanistan
0,0,0,23,80,2022-03-24,Sweden
1,0,1,361,881,2022-03-24,Japan
0,0,3,57,339,2022-03-25,Afghanistan
0,0,0,23,80,2022-03-25,Sweden
1,0,1,361,881,2022-03-25,Japan
0,0,3,57,339,2022-03-26,Afghanistan
0,0,0,23,80,2022-03-26,Sweden
0,1,0,361,882,2022-03-26,Japan
0,0,2,57,340,2022-03-27,Afghanistan
0,0,0,23,80,2022-03-27,Sweden
0,1,0,361,882,2022-03-27,Japan
0,0,2,57,340,2022-03-28,Afghanistan
0,0,0,23,80,2022-03-28,Sweden
0,1,0,361,882,2022-03-28,Japan
0,0,1,57,341,2022-03-29,Afghanistan
0,0,0,23,80,2022-03-29,Sweden
0,1,0,361,882,2022-03-29,Japan
0,0,1,57,341,2022-03-30,Afghanistan
0,0,0,23,80,2022-03-30,Sweden
0,0,1,361,882,2022-03-30,Japan
0,0,1,57,341,2022-03-31,Afghanistan
0,0,0,23,80,2022-03-31,Sweden
0,0,1,361,882,2022-03-31,Japan
0,0,1,57,341,2022-04-01,Afghanistan
0,0,0,23,80,2022-04-01,Sweden
0,0,1,361,882,2022-04-01,Japan
0,0,1,57,341,2022-04-02,Afghanistan
0,0,0,23,80,2022-04-02,Sweden
0,0,1,361,882,2022-04-02,Japan
0,0,1,57,341,2022-04-03,Afghanistan
0,0,0,23,80,2022-04-03,Sweden
0,0,1,361,882,2022-04-03,Japan
0,0,0,57,342,2022-04-04,Afghanistan
0,0,0,23,80,2022-04-04,Sweden
0,0,1,361,882,2022-04-04,Japan
0,0,0,57,342,2022-04-05,Afghanistan
0,0,0,23,80,2022-04-05,Sweden
0,0,1,361,882,2022-04-05,Japan
0,0,0,57,342,2022-04-06,Afghanistan
0,0,0,23,80,2022-04-06,Sweden
0,0,1,361,882,2022-04-06,Japan
0,0,0,57,342,2022-04-07,Afghanistan
0,0,0,23,80,2022-04-07,Sweden
1,0,1,361,881,2022-04-07,Japan
0,0,0,57,342,2022-04-08,Afghanistan
0,0,0,23,80,2022-04-08,Sweden
1,0,1,361,881,2022-04-08,Japan
0,0,0,57,342,2022-04-09,Afghanistan
0,0,0,23,80,2022-04-09,Sweden
1,0,1,361,881,2022-04-09,Japan
0,0,0,57,342,2022-04-10,Afghanistan
0,0,0,23,80,2022-04-10,Sweden
3,0,1,361,879,2022-04-10,Japan
2,0,0,57,340,2022-04-11,Afghanistan
0,0,0,23,80,2022-04-11,Sweden
11,0,1,361,871,2022-04-11,Japan
5,1,0,57,336,2022-04-12,Afghanistan
1,0,0,23,79,2022-04-12,Sweden
16,3,1,361,863,2022-04-12,Japan
7,2,0,57,333,2022-04-13,Afghanistan
1,0,0,23,79,2022-04-13,Sweden
24,7,0,361,852,2022-04-13,Japan
5,5,0,57,332,2022-04-14,Afghanistan
2,0,0,23,78,2022-04-14,Sweden
33,11,0,361,839,2022-04-14,Japan
6,7,0,57,329,2022-04-15,Afghanistan
3,1,0,23,76,2022-04-15,Sweden
40,21,0,361,822,2022-04-15,Japan
9,6,0,57,327,2022-04-16,Afghanistan
4,2,0,23,74,2022-04-16,Sweden
43,27,1,361,812,2022-04-16,Japan
12,7,1,57,322,2022-04-17,Afghanistan
2,4,0,23,74,2022-04-17,Sweden
40,37,3,361,803,2022-04-17,Japan
12,7,1,57,322,2022-04-18,Afghanistan
3,4,0,23,73,2022-04-18,Sweden
31,51,5,361,796,2022-04-18,Japan
11,7,2,57,322,2022-04-19,Afghanistan
3,3,1,23,73,2022-04-19,Sweden
29,49,9,361,796,2022-04-19,Japan
9,10,2,57,321,2022-04-20,Afghanistan
2,3,2,23,73,2022-04-20,Sweden
33,46,14,361,790,2022-04-20,Japan
6,12,3,57,321,2022-04-21,Afghanistan
2,2,3,23,73,2022-04-21,Sweden
26,42,22,361,793,2022-04-21,Japan
5,12,5,57,320,2022-04-22,Afghanistan
2,2,3,23,73,2022-04-22,Sweden
19,34,30,361,800,2022-04-22,Japan
6,12,7,57,317,2022-04-23,Afghanistan
1,3,3,23,73,2022-04-23,Sweden
19,30,35,361,799,2022-04-23,Japan
9,10,9,57,314,2022-04-24,Afghanistan
2,2,3,23,73,2022-04-24,Sweden
16,32,38,361,797,2022-04-24,Japan
12,10,12,57,308,2022-04-25,Afghanistan
5,1,3,23,71,2022-04-25,Sweden
33,26,41,361,783,2022-04-25,Japan
18,10,14,57,300,2022-04-26,Afghanistan
3,4,3,23,70,2022-04-26,Sweden
57,24,43,361,759,2022-04-26,Japan
20,12,14,57,296,2022-04-27,Afghanistan
7,3,4,23,66,2022-04-27,Sweden
70,37,46,361,730,2022-04-27,Japan
30,13,14,57,285,2022-04-28,Afghanistan
9,4,4,23,63,2022-04-28,Sweden
78,52,51,361,702,2022-04-28,Japan
27,19,15,57,281,2022-04-29,Afghanistan
10,5,4,23,61,2022-04-29,Sweden
77,73,51,361,682,2022-04-29,Japan
23,24,16,57,279,2022-04-30,Afghanistan
11,6,6,23,57,2022-04-30,Sweden
85,93,53,361,652,2022-04-30,Japan
